IPv4 Address,Subnet Mask,CIDR,Hostname
192.168.56.1,255.255.255.0,192.168.56.1/24,
192.168.56.119,255.255.255.0,192.168.56.119/24,
192.168.1.71,255.255.255.0,192.168.1.71/24,
172.25.208.1,255.255.240.0,172.25.208.1/20,
192.168.56.100,,,Oracle VirtualBox virtual NIC
192.168.56.103,,,Oracle VirtualBox virtual NIC
192.168.56.1,,,
192.168.56.119,,,
192.168.56.100,,,Oracle VirtualBox virtual NIC
192.168.56.103,,,Oracle VirtualBox virtual NIC
192.168.56.1,,,
192.168.56.119,,,
192.168.1.1,,,SAX1V1K.lan
192.168.1.10,,,MacBook-Air-2.lan
192.168.1.24,,,LMR-RokuExpress4K.lan
192.168.1.48,,,Pixel-5.lan
192.168.1.118,,,Amazon Technologies
192.168.1.144,,,Shenzhen Vastking Electronic
192.168.1.237,,,Amazon Technologies
192.168.1.71,,,host.docker.internal
172.25.214.135,,,Microsoft
172.25.208.1,,,
